{
  "version": 1,
  "author": "Agozie Onuigbo",
  "editor": "wokwi",
  "parts": [
    { "type": "board-esp32-devkit-c-v4", "id": "esp", "top": -57.6, "left": 33.64, "attrs": {} },
    {
      "type": "wokwi-led",
      "id": "led1",
      "top": -48.8,
      "left": -65.8,
      "attrs": { "color": "red" }
    },
    {
      "type": "wokwi-resistor",
      "id": "r1",
      "top": 43.2,
      "left": -106.15,
      "rotate": 90,
      "attrs": { "value": "220" }
    }
  ],
  "connections": [
    [ "esp:TX", "$serialMonitor:RX", "", [] ],
    [ "esp:RX", "$serialMonitor:TX", "", [] ],
    [ "led1:A", "esp:D2", "green", [ "v0" ] ],
    [ "led1:C", "r1:1", "green", [ "v0" ] ],
    [ "r1:2", "esp:GND.1", "green", [ "h0", "v18" ] ]
  ],
  "dependencies": {}
}